{"cameraMode":{"drawMode":0,"name":"Shaded","section":"Shading Mode"},"sceneLighting":false,"audioPlay":false,"sceneViewState":{"m_AlwaysRefresh":false,"showFog":true,"showSkybox":false,"showFlares":true,"showImageEffects":true,"showParticleSystems":true,"showVisualEffectGraphs":true,"m_FxEnabled":true},"in2DMode":false,"pivot":{"x":0.0030043721199035646,"y":0.9400455355644226,"z":-0.07260313630104065},"rotation":{"x":0.0658133402466774,"y":-0.8687207102775574,"z":0.11980674415826798,"w":0.4762643277645111},"size":1.2555456161499024,"orthographic":false}