{"cameraMode":{"drawMode":0,"name":"Shaded","section":"Shading Mode"},"sceneLighting":true,"audioPlay":false,"sceneViewState":{"m_AlwaysRefresh":false,"showFog":true,"showSkybox":true,"showFlares":true,"showImageEffects":true,"showParticleSystems":true,"showVisualEffectGraphs":true,"m_FxEnabled":true},"in2DMode":false,"pivot":{"x":-0.5915524959564209,"y":1.163224458694458,"z":19.802473068237306},"rotation":{"x":0.021355774253606797,"y":-0.9254181981086731,"z":-0.052163612097501758,"w":-0.37498512864112856},"size":1.1207327842712403,"orthographic":false}